[
    {
        "id": 1,
        "team": "Thunderbird",
        "w": "3",
        "d": "0",
        "l" : "0",
        "pts" : "9"
    },
    {
        "id": 2,
        "team": "FC Savages",
        "w": "3",
        "d" : "0",
        "l" : "0",
        "pts" : "9"
    },
    {
        "id": 3,
        "team": "Illmatic FC",
        "w": "2",
        "d" : "0",
        "l" : "0",
        "pts" : "6"
    },
    {
        "id": 4,
        "team": "Mad Bar",
        "w": "1",
        "d" : "0",
        "l" : "2",
        "pts" : "3"
    },
    {
        "id": 5,
        "team": "Panic FC",
        "w": "1",
        "d" : "0",
        "l" : "2",
        "pts" : "3"
    },
    {
        "id": 6,
        "team": "West Valley FC",
        "w": "0",
        "d" : "0",
        "l" : "3",
        "pts" : "0"
    },
    {
        "id" : 7,
        "team": "Polska FC",
        "w": "0",
        "d" : "0",
        "l" : "3",
        "pts" : "0"
    }
]
