[
    {
        "id": 1,
        "name": "Adrian Rodriguez",
        "shortname": "adrian_rodriguez",
        "position": "midfielder",
        "bio" : "What I do is play soccer, which is what I like."
    },
    {
        "id": 2,
        "name": "Jesus Ibarra",
        "shortname": "jesus_ibarra",
        "position" : "defender",
        "bio" : "I'm attracted to soccer's capacity for beauty. When well played, the game is a dance with a ball."
    },
    {
        "id": 3,
        "name": "Juan Alcantar",
        "shortname": "juan_alcantar",
        "position" : "midfielder",
        "bio" : "I like tricks; I like to dazzle. Dribbling and leaving your opponent on his backside is what life is for. If I achieve what I want to, then I'll mark a distinct era in football. I'm the Che Guevara of modern soccer."
    },
    {
        "id": 4,
        "name": "Moises Martinez",
        "shortname": "moises_martinez",
        "position" : "midfielder",
        "bio" : "Soccer is simple, but it is difficult to play simple."
    },
    {
        "id": 5,
        "name": "Jonatan Barajas",
        "shortname": "jonatan_barajas",
        "position" : "defender",
        "bio" : "For me soccer provides so many emotions, a different feeling every day. I've had the good fortune to take part in major competitions like the Olympics, and winning the World Cup was also unforgettable. We lost in the Olympics and won in the World Cup, and I'll never forget either feeling."
    },
    {
        "id": 6,
        "name": "Jorge Bustamante",
        "shortname": "jorge_bustamante",
        "position" : "forward",
        "bio" : "Every soccer player can be on the edge, at the limit, be the bad guy. We have to get used to it. Sometimes I am one of those."
    },
    {
        "id" : 7,
        "name": "Luis Marquez",
        "shortname": "luis_marquez",
        "position" : "forward",
        "bio" : "I always think that I would have become an actor if I hadn't been a soccer player."
    }
]
